,face_size_x,face_size_y,face_avg,body_avg,label
1,128,125,230.918375,214.55870261984393,0
2,143,133,232.20043114779958,213.0306850282486,0
3,138,130,232.653121516165,214.07426470588234,0
4,143,131,232.0007473442588,214.11085515490575,0
5,142,138,232.90635844049805,210.54859538784066,0
6,138,114,231.63640986524283,213.0738863335315,0
7,142,133,232.45245155141376,212.09249332952163,0
8,137,113,231.40966345843293,214.44327525552154,0
9,136,113,231.72579385736594,214.58446540880504,0
10,141,130,231.60791052918714,212.36928657235163,0
11,141,127,230.4765175629642,213.6436673625609,0
12,137,127,231.85246278521754,213.26616426639544,0
13,138,127,231.77302293735022,213.82263552347234,0
14,139,128,230.2257756294964,213.99736169223618,0
15,138,131,229.73647527381348,213.3645104997482,0
16,135,133,230.72074631022,212.93462340559677,0
17,139,130,229.1562257885999,213.15332245940004,0
18,140,129,229.18909191583612,213.9814091274886,0
19,141,132,230.1431334622824,212.1946380760294,0
20,142,130,230.81045503791984,212.53009447648702,0
21,139,122,229.54116051421158,213.18548368658116,0
22,137,126,230.00909512223382,212.59995321637427,0
23,135,114,229.15750487329436,211.80711354309165,0
24,138,119,227.0664352697601,211.46348211415713,0
25,138,112,229.00485248447205,211.82893039049236,0
26,136,102,229.28770184544405,211.9071729957806,0
27,135,108,230.23511659807957,211.43461025982677,0
28,135,107,230.87857390100382,211.40642189674597,0
29,135,108,231.39074074074074,210.97573281539528,0
30,135,110,229.56222222222223,211.89720800790016,0
31,134,109,231.3897028618376,211.90634697385752,0
32,133,107,230.79425198510293,211.85398732433177,0
33,137,104,231.5461819202695,211.12830623173764,0
34,136,104,230.08109445701356,210.98993495077355,0
35,140,115,227.75434782608696,212.330791012057,0
36,137,109,229.19788388133665,211.79011974380396,0
37,136,108,227.88078703703704,212.9946927742616,0
38,136,100,231.73213235294116,212.41684590897358,0
39,136,98,232.25,213.81502853249296,0
40,136,104,232.3635463800905,214.11872121079185,0
41,136,113,231.45236855804268,213.71339814504415,0
42,145,107,231.21063486948114,214.68192832688632,0
43,145,107,230.57544311956173,214.68035161432994,0
44,143,106,231.9182609842987,214.44453017360155,0
45,141,121,231.41679854639236,214.33406000937646,0
46,143,122,230.57944514501892,214.33973537194942,0
47,148,132,231.07207207207207,213.52068390117554,0
48,148,134,231.75630294473578,212.85286748678377,0
49,149,132,231.4941529387838,212.9092852172184,0
50,149,132,232.3423835672158,212.66488095238094,0
51,150,116,232.5469540229885,213.87594277985374,0
52,150,115,232.38168115942028,214.34196485332848,0
53,153,117,232.85375118708453,213.78911798396334,0
54,152,117,233.0214237516869,214.23398625429553,0
55,149,117,232.67395170079735,214.540040950322,0
56,148,114,232.04753437648174,214.39163269927536,0
57,150,116,232.63454022988506,213.73127622016918,0
58,150,115,232.7824347826087,214.30755064456721,0
59,148,114,233.1589615931721,213.58840278405495,0
60,147,109,232.25020283342695,214.1907468971631,0
61,143,120,231.78030303030303,213.338702539017,0
62,141,119,232.11246200607903,214.4448471696371,0
63,141,123,233.3261834746007,213.7789118864577,0
64,141,120,231.58930260047282,214.34669479606188,0
65,143,115,231.9050775311645,214.0692786833072,0
66,145,107,230.4154689010635,215.95323303952105,0
67,143,107,229.6336840729364,214.72017635712317,0
68,141,106,232.0589455372675,214.25566075211864,0
69,141,104,231.09240316421167,214.1661201110601,0
70,141,105,233.04133738601823,214.7857190148305,0
71,138,102,231.7470872406934,213.96444080741952,0
72,138,110,231.3711462450593,214.60349384098544,0
73,139,103,231.05091848851015,214.1622066242597,0
74,143,115,231.82420188507146,214.22734621428813,0
75,142,107,232.40232986705277,214.30095303454613,0
76,141,115,230.95103299414123,214.2739508746488,0
77,145,121,229.71251068680536,214.40175303634288,0
78,145,118,230.5946230274693,214.59830301353438,0
79,146,122,229.7674039973052,214.37089169000933,0
80,147,122,230.75365228058436,214.30708734378078,0
81,143,115,232.03076923076924,213.61962081429448,0
82,145,115,232.11316341829087,213.98032446580473,0
83,141,113,231.76840519676145,214.1799382437793,0
84,142,118,232.02339460491766,213.91143613026952,0
85,140,113,231.27882427307205,213.03473223945187,0
86,140,114,232.42086466165412,215.02213813106135,0
87,140,116,231.88177339901478,214.53132403863677,0
88,140,115,230.66099378881987,213.81867368325132,0
89,143,122,232.80448240284306,213.34922531046718,0
90,140,106,231.1349730458221,214.2028740583648,0
91,139,118,232.16302889891477,213.11139488064424,0
92,138,115,230.81732829237555,213.84918660287082,0
93,139,109,232.6858953204409,214.80393631136664,0
94,141,111,232.88013545460353,214.61407694601849,0
95,143,116,231.7468049192187,214.30616039426522,0
96,143,126,233.26473526473526,212.82572338888298,0
97,140,117,233.31770451770453,213.57794105754456,0
98,143,123,232.2784126442663,214.95029337007387,0
99,144,122,231.54889571949,214.66514100455313,0
100,146,126,231.6380734942379,213.81375454830237,0
101,145,109,231.84536539069916,214.86340044039005,0
102,147,111,231.87914445057302,216.01445974276163,0
103,145,108,231.62126436781608,215.6816253703205,0
104,151,133,231.21983767365433,213.36937375249502,0
105,150,134,230.0918407960199,213.0639034123917,0
106,152,143,227.19166359955832,212.62090560696498,0
107,153,133,229.71148459383753,212.77659764826177,0
108,154,137,230.43667646222391,213.15962351865258,0
109,155,139,230.02334648410303,213.70528517498215,0
110,140,128,229.83074776785713,214.67399940351925,0
111,142,125,230.68957746478873,214.53053535862549,0
112,149,110,230.0151311775473,215.01873536299766,0
113,155,132,229.81554252199413,214.0136462611966,0
114,148,140,229.08431467181467,213.1535077213993,0
115,142,104,231.806744312026,215.31357910500353,0
116,138,102,231.19487070190394,214.74044746654968,0
117,141,106,232.93342700388064,214.22442016057093,0
118,141,123,231.6723173614715,212.9554127166523,0
119,138,113,231.82634346543543,213.94099003054228,0
120,139,104,229.58550083010513,213.7763752618234,0
121,140,106,230.72783018867923,213.28571905981954,0
122,135,106,230.35401816911252,212.2564550051461,0
123,136,99,230.0565210932858,211.880905038675,0
124,133,98,232.72855608408776,212.57782122298252,0
125,134,106,229.22930160518163,211.08706932689802,0
126,133,99,232.1969317232475,213.11247948347264,0
127,132,99,231.29147535965717,211.95433650682992,0
128,130,108,231.31702279202278,211.96792622582097,0
129,129,103,231.75389478437572,212.78418620006602,0
130,131,101,231.88806590582723,212.2785373085159,0
131,131,103,230.75757800340918,211.76528720743255,0
132,134,104,230.7010619977038,213.5087748621093,0
133,131,104,231.81833529066353,212.73541443133047,0
134,134,104,231.02683696900115,213.0261392320978,0
135,137,98,231.4299865931774,214.91300206725617,0
136,137,99,232.40507262405072,214.53792589997371,0
137,138,120,232.03369565217392,214.3672092576587,0
138,141,107,231.2274806124478,215.37922607837862,0
139,141,128,230.71171320921985,214.1835138237349,0
140,144,130,229.52334401709402,214.25522188449847,0
141,144,127,231.04396325459317,213.58693690397794,0
142,150,128,230.248125,213.78667081905948,0
143,152,131,229.2072619525914,215.4513077767795,0
144,153,123,229.20580264626176,215.04889354763569,0
145,141,105,228.4276258020939,216.328318753185,0
146,146,106,228.22247350736623,216.2678133197935,0
147,144,105,229.0695105820106,216.19536353834118,0
148,148,124,230.51912598081952,215.1197684878326,0
149,150,132,227.8120202020202,214.72179045028415,0
150,151,131,227.54208583994742,215.24003001715266,0
151,149,132,231.47386617856415,215.17749686081328,0
152,148,125,233.4184864864865,215.19173072443513,0
153,147,129,233.96287507250963,213.91166376757087,0
154,147,123,233.53807864609257,215.20457008567485,0
155,149,120,233.6944071588367,214.20583238325173,0
156,148,136,232.59926470588235,213.4223386319846,0
157,147,143,232.18900147471575,213.1628895540408,0
158,148,146,230.7791095890411,212.25563711650668,0
159,148,139,230.15555123468792,213.30814760686883,0
160,148,141,231.37540732221584,212.89028147490882,0
161,149,144,229.01850298284862,213.08617942845763,0
162,150,154,231.25255411255412,212.07593631736918,0
163,146,154,230.3380626223092,212.84232042304598,0
164,146,152,230.31182408074983,211.6322711970563,0
165,145,152,231.99419237749547,211.97379889871866,0
166,144,157,230.65052193913658,212.61774528871302,0
167,142,147,228.44509916642713,212.98039393664337,0
168,141,144,230.0381205673759,211.23257657104872,0
169,143,145,230.19975886182783,212.5612512944861,0
170,148,146,230.4183635690485,212.5182418699187,0
171,154,136,228.14171122994654,213.62762148337595,0
172,149,132,230.22956070774862,214.32261864283285,0
173,141,137,231.37609359631412,213.06965844889575,0
174,138,116,231.3506996501749,215.12417449648686,0
175,132,117,231.7496114996115,214.0698519895522,0
176,134,114,231.0610761979576,213.74532004830917,0
177,136,120,228.2594362745098,214.56757820889112,0
178,135,120,228.76111111111112,214.56915312477628,0
179,141,130,229.43186033824333,214.14224137931035,0
180,144,134,231.2396351575456,213.31236245457802,0
181,142,131,230.44710246210084,212.77038626609442,0
182,142,131,230.81598752822276,212.2739755773554,0
183,145,132,229.62011494252874,213.80614678088847,0
184,143,133,230.02823492297176,212.46153257877026,0
185,144,134,230.55296434494196,213.454179331307,0
186,145,136,231.4933569979716,213.00183286336838,0
187,143,136,230.7159090909091,212.14666005291005,0
188,141,127,230.24169319260625,214.6130064741398,0
189,144,131,230.3806721798134,214.06448324982807,0
190,145,132,228.56938349007314,214.6187028657617,0
191,144,138,228.33262882447664,213.2703602549096,0
192,142,130,229.35742145178764,216.32809993985566,0
193,143,131,229.7109379170448,214.6683744465528,0
194,146,136,229.40325342465752,214.41426259408638,0
195,145,137,230.32076516486282,214.22883967883968,0
196,143,134,228.1640747312389,215.68882488479264,0
197,144,133,227.74618838763575,214.63014390305477,0
198,140,129,229.15027685492802,213.86433219708707,0
199,141,130,229.1597381342062,215.61727613515058,0
200,141,129,229.52729671779647,214.94209194692996,0
201,146,136,229.77362006446415,215.10771443984896,0
202,145,129,228.99096498262497,214.7487895854948,0
203,145,139,228.23597122302158,213.91776110068793,0
204,144,137,228.39907745336578,214.44412844511092,0
205,141,131,229.17270315629906,214.72928924306746,0
206,140,131,228.5539258451472,215.8562938071295,0
207,143,132,229.829624920534,214.61567762630312,0
208,140,130,229.42098901098902,215.45449023861173,0
209,141,128,228.68173758865248,215.51350480322282,0
210,142,137,229.55417908913333,214.12147218801314,0
211,144,140,229.59875992063493,214.61852602754155,0
212,145,136,229.9949290060852,214.10688494256124,0
213,146,137,228.95700429957003,213.93143974007512,0
214,147,134,229.0670118793786,214.48066221830544,0
215,144,127,230.3817257217848,213.66982188047498,0
216,143,128,230.89035183566435,213.88178152492668,0
217,139,128,232.28287994604315,214.5915205321985,0
218,140,126,230.5360544217687,215.44267092311784,0
219,142,127,230.15443052012864,215.51094729623824,0
220,141,125,230.3958014184397,214.8671178806664,0
221,143,128,229.5240930944056,215.7537716566089,0
222,142,131,230.1412213740458,214.83100254832493,0
223,142,132,228.55756508749465,214.6347711927982,0
224,142,134,230.2519970569687,212.59561979298158,0
225,139,121,229.7863130982817,215.90381012612914,0
226,138,128,229.8033288043478,216.28053449440733,0
227,139,122,229.73687934897984,214.7368578255675,0
228,141,134,229.30099502487562,212.83358471593766,0
229,138,127,228.10053634600024,213.91661712247324,0
230,138,136,230.18462276214834,211.98146441372248,0
231,135,128,229.95787037037036,213.0144445976954,0
232,138,125,230.540115942029,214.64489399185953,0
233,139,124,229.61226502668833,213.93335268996722,0
234,135,127,230.61953922426363,212.8406513842529,0
235,136,124,229.9555265654649,214.68242686943046,0
236,139,132,229.18448877261827,213.94848537778222,0
237,138,137,230.59631862900667,212.27697132616487,0
238,137,133,230.16393172712804,213.613273326572,0
239,138,133,229.64721586575135,214.54983336477395,0
240,141,139,229.8399408133068,212.97945919820918,0
241,143,133,231.2096850517903,214.09022761009402,0
242,143,132,231.46137952956136,215.30144543065404,0
243,144,123,231.10258581752484,215.5747191011236,0
244,141,124,230.00062914664835,216.12914364640883,0
245,142,123,230.54190999656475,215.19175080967804,0
246,144,127,231.68799212598427,215.0935668202765,0
247,145,132,230.06656217345872,215.34290841553096,0
248,146,130,230.5777660695469,214.7414727806641,0
249,144,130,230.2974358974359,215.85504621769476,0
250,144,134,229.27021144278606,214.9634024577573,0
251,143,129,229.73860248278854,216.64206595829992,0
252,142,130,227.5370530877573,216.07275995955007,0
253,142,134,230.2303973092285,216.2416565839887,0
254,144,135,231.9158950617284,214.0544891404099,0
255,145,134,230.19943386515698,214.35199849170436,0
256,144,133,230.7796052631579,213.7778403896966,0
257,141,125,231.505304964539,215.63404209208244,0
258,140,124,230.56463133640554,216.18382529397647,0
259,139,125,231.22515107913668,214.83212803649866,0
260,140,125,231.08822857142857,215.475586888759,0
261,138,119,230.60534648642064,215.020646020646,0
262,138,121,230.7709306503773,215.45199615199616,0
263,139,119,231.6077020736352,215.84159684807634,0
264,140,120,230.3738095238095,215.2641852770885,0
265,142,121,229.55587242463042,215.5523213403299,0
266,135,128,229.70983796296295,215.34981194941565,0
267,139,128,230.2918165467626,215.59133338298454,0
268,138,124,230.4326788218794,215.07946641373607,0
269,140,122,229.57213114754097,214.36076354115136,0
270,141,119,230.0458310983968,215.79649014778326,0
271,142,117,232.0349705068015,215.4891304347826,0
272,142,126,229.00480661748267,216.16219803233977,0
273,141,116,226.6308388359012,215.42803948635262,0
274,135,102,229.801452432825,217.43294701986756,0
275,134,105,230.17064676616914,216.81866617871827,0
276,133,100,229.07255639097744,216.81754830535317,0
277,133,103,228.5386524563837,216.26491899977722,0
278,145,126,230.2206896551724,214.75320512820514,0
279,142,125,229.17188732394365,215.14081860284668,0
280,138,119,229.62458896602118,215.44059288443736,0
281,142,124,231.05349840981373,214.21084119799693,0
282,143,127,230.0676724849953,215.12970261121856,0
283,143,133,231.894000736106,211.606241046403,0
284,139,142,230.47998784071333,212.65387914230018,0
285,148,125,224.4322162162162,215.64535448175832,0
286,146,128,228.91202910958904,214.58768783552523,0
287,147,133,228.1665899442484,213.95058581361673,0
288,147,129,227.42229605020302,214.08269674686466,0
289,147,132,227.4423830138116,213.46874181956642,0
290,147,130,227.71444270015698,213.91690242148167,0
291,148,127,227.33145350074483,213.46286943509165,0
292,145,128,228.36675646551726,215.26851202851202,0
293,144,124,229.24031137992833,214.41824353688762,0
294,140,142,227.85487927565393,213.26599997395732,0
295,137,136,229.76518892228424,212.70169027526623,0
296,138,139,229.89782087373578,213.724107830552,0
297,136,132,231.36330213903744,213.85029881453903,0
298,137,134,231.5633511275738,213.15623451283577,0
299,141,133,229.24721377912869,212.9004705882353,0
300,142,140,227.40276659959758,213.45460508546515,0
301,143,140,228.48731268731268,211.94252637523422,0
302,142,140,229.18707243460764,211.77535980244627,0
303,139,135,230.7615241140421,213.05803560282627,0
304,140,136,230.8253676470588,213.62462326702834,0
305,137,130,230.71965188096576,213.67202897122587,0
306,142,131,229.36496075690786,213.39347613219095,0
307,143,137,231.47445255474452,214.72480847088136,0
308,138,123,232.04895722870273,214.20913544224223,0
309,139,121,231.7672869968488,215.86711877267447,0
310,137,117,231.7798365462599,216.22857573229516,0
311,135,117,230.57904400126623,216.16654745852142,0
312,139,121,232.00975087698436,216.09178016726403,0
313,142,117,233.5254002648369,215.37493763994755,0
314,140,120,230.87934523809523,215.58288478410358,0
315,141,120,232.21229314420805,215.65403283369022,0
316,144,121,233.2901170798898,215.43815758433593,0
317,140,122,232.83770491803278,215.09428725896558,0
318,144,129,231.7860142118863,215.5297383223282,0
319,144,131,232.15993426632738,214.92923057892133,0
320,143,130,232.26229155459924,215.476305507968,0
321,140,124,232.62044930875575,215.80217726768578,0
322,142,124,232.14368468877782,215.51123289659927,0
323,141,129,231.22458628841608,214.9504825225136,0
324,134,114,231.3587981146897,212.07921151997,0
325,135,101,229.88456178951228,213.63030396885094,0
326,137,110,229.6307896483079,211.8654448124121,0
327,138,116,230.04628935532233,211.9585554738487,0
328,138,122,227.22202423378474,210.55549171693957,0
329,134,112,230.80203891257995,210.0560165260802,0
330,135,113,231.1512291052114,210.99260916967924,0
331,135,112,229.96898148148148,211.524817811442,0
332,139,114,229.14287517354538,211.91443198159334,0
333,134,110,230.79592944369062,210.93824721550462,0
334,135,106,229.46303284416493,212.4300026539278,0
335,134,112,228.64199093816632,211.24154594839294,0
336,138,111,230.680702441572,211.77605823068308,0
337,140,121,230.32467532467533,211.50416705143596,0
338,140,118,230.46943099273608,213.16331450613032,0
339,139,113,231.24555930476856,213.13880022637238,0
340,142,127,230.74891870910503,211.64889508689123,0
341,142,127,232.44255295552844,212.6128397331636,0
342,137,110,230.2303915063039,213.57342114150626,0
343,137,107,231.42867862746436,213.36774157801418,0
344,137,108,232.03203568532035,214.42001329787234,0
345,139,111,228.5611510791367,214.24231495404234,0
346,136,111,233.31259936406994,214.09598033934824,0
347,137,115,230.7479530307839,213.04510661563697,0
348,138,111,229.69382425904166,212.60419893500355,0
349,137,113,231.14068858600865,212.6717696373246,0
350,134,112,232.0042643923241,212.07497984717918,0
351,137,114,228.87354334741966,211.7161609115219,0
352,132,110,231.14889807162535,210.4429484517052,0
353,134,111,229.93149119268523,209.15227230953036,0
354,135,107,229.1259259259259,209.33923467767545,0
355,134,106,229.79083356800902,208.8380955628296,0
356,130,107,231.09496764917327,210.09336485276904,0
357,133,122,229.6018119068162,209.81061673464342,0
358,129,105,230.82591362126246,211.16768530857956,0
359,129,104,231.81611508646392,210.4406961728776,0
360,127,104,232.9714566929134,211.5151515151515,0
361,129,102,231.66537467700257,211.38965092216708,0
362,133,115,229.29486760379208,210.17967741935485,0
363,132,107,230.58588218634947,209.66207322089676,0
364,133,117,230.05790116316433,209.78085108900115,0
365,129,107,232.41759037890313,211.0846787928333,0
366,131,110,232.0858431644691,211.1911537841634,0
367,127,106,230.39228940722032,210.90951241740714,0
368,129,104,231.13096302921883,209.90390465097872,0
369,133,109,230.04876871076775,210.07467082467082,0
370,132,108,231.85458754208753,210.21772836056752,0
371,132,108,230.0540824915825,210.0049512912416,0
372,134,102,229.61881767632426,209.54513148543,0
373,133,101,229.68703938062978,210.6795532646048,0
374,131,98,230.25993145349742,210.4854149368527,0
375,132,106,228.67474271012006,209.21348301903856,0
376,132,108,231.16266835016836,209.63156568837385,0
377,132,108,229.00918911335577,209.83722474779282,0
378,129,107,229.89922480620154,210.247598915491,0
379,130,105,230.76483516483518,210.26684379044895,0
380,131,107,231.99286580580724,210.3267852250936,0
381,131,105,230.23998545983278,210.69142529717098,0
382,128,104,231.63641826923077,209.78185001129432,0
383,130,110,230.3948951048951,209.33490560624318,0
384,132,106,232.46240708976558,210.46576070366643,0
385,133,109,231.7940953300683,210.97902702702703,0
386,134,112,231.6194696162047,209.54194792671166,0
387,128,108,232.85677083333334,209.22137153486685,0
388,132,112,230.1072104978355,209.2846650470149,0
389,132,116,231.617816091954,209.40034753183804,0
390,136,123,231.27367288378767,209.4196865470534,0
391,131,116,230.48374572255858,210.3004494588149,0
392,136,123,228.11657101865137,209.2811921378721,0
393,134,121,228.8667201184162,208.67642956764297,0
394,134,114,228.7397879025923,208.31378322189133,0
395,142,137,228.76318494911072,207.07250418293364,0
396,139,147,227.8226887877453,208.87654662243983,0
397,137,151,228.377290085561,210.3157831033648,0
398,138,143,228.35841694537348,210.59506334140312,0
399,137,141,228.74597504788528,211.2075865580448,0
400,137,136,229.11174323744098,211.1047762157866,0
401,137,145,228.55786559275106,211.00810477091215,0
402,137,141,226.7137236630947,211.22305812757202,0
403,134,118,228.79502909182898,210.7250327504699,0
404,134,113,230.24699511293093,210.37003064920592,0
405,129,114,231.60730314157487,210.0208127421242,0
406,130,111,230.6986832986833,209.44354946524064,0
407,127,110,230.12405153901216,209.63702577957898,0
408,130,115,231.21371237458195,208.8855914526745,0
409,135,117,230.26407090851535,209.2151075420306,0
410,136,115,229.89392583120204,209.63176185628532,0
411,132,117,231.5541958041958,210.76643573817486,0
412,131,126,230.2596631527929,210.66166641348929,0
413,128,122,231.4070824795082,212.34204599484497,0
414,129,120,229.02693798449613,212.03339472068754,0
415,130,110,228.67727272727274,212.75194591416815,0
416,124,108,229.16278375149344,212.64353415915915,0
417,126,115,231.7495514147688,212.12766820775133,0
418,128,118,231.26396980932202,212.29241306638568,0
419,127,114,228.95924851498825,212.7432608152038,0
420,128,120,232.75533854166667,211.27910498618104,0
421,129,119,232.28063318350596,211.96923176076308,0
422,127,113,232.30227858685805,212.30628869338545,0
423,130,122,230.70365699873898,212.7561931919444,0
424,128,122,229.35713370901638,212.61350114713088,0
425,129,123,230.25398626079283,212.23447925354463,0
426,126,122,232.26157949518606,212.84378687599406,0
427,124,114,231.31960950764008,212.82505808976398,0
428,128,110,228.96370738636364,212.71749644381222,0
429,132,109,228.42271337225466,213.18409321877309,0
430,129,107,230.12098819097298,213.13636785449145,0
431,130,118,231.26016949152543,212.64706739526412,0
432,130,118,231.66597131681877,212.2719004250152,0
433,131,122,231.746965336003,212.93807572936063,0
434,128,118,232.864406779661,213.1527055533752,0
435,131,122,231.39650857214366,213.48525313084517,0
436,131,120,231.8284351145038,212.65468419031575,0
437,128,127,232.49157234251967,212.27713480180748,0
438,130,124,231.61935483870968,211.22210515753562,0
439,131,136,229.5615738661877,211.5202678977827,0
440,131,132,229.76451538283598,209.0953676038714,0
441,132,125,230.51218181818183,209.3627216686888,0
442,132,130,230.83333333333334,208.428719851577,0
443,134,117,231.0761576731726,210.22095039889004,0
444,133,127,230.63595997868688,209.06743130227002,0
445,135,118,228.48361581920904,210.5609626655591,0
446,133,118,232.19657193832037,211.38633368019424,0
447,134,118,229.62895269415634,210.22900226129494,0
448,136,119,228.75135936727634,211.12188015586057,0
449,131,120,230.7323155216285,209.5442929150179,0
450,132,123,229.42473515644247,209.6564065597405,0
451,135,125,228.1829925925926,209.51260443676173,0
452,132,114,230.05861244019138,209.66528005091834,0
453,136,123,230.0691056910569,208.7976538229703,0
454,133,127,230.57071813391747,209.52882628215787,0
455,139,130,229.9104593248478,208.90173485088738,0
456,137,124,230.6220273133977,209.6291735490118,0
457,143,132,229.417143462598,211.03593417140718,0
458,139,138,228.0476488374518,210.7664476470517,0
459,137,138,228.26478366656087,210.7724807135969,0
460,147,198,225.5252525252525,205.9445182304019,0
461,145,200,224.78913793103447,209.45924497991967,0
462,137,149,229.14054769019742,211.56773785425102,0
463,138,145,230.16931534232884,211.72314714031268,0
464,138,146,230.23054397458804,211.5987033310977,0
465,137,144,230.60006082725062,210.38413397318558,0
466,135,142,229.90438184663537,211.38179712715893,0
467,136,143,229.31144590703414,210.73264368951214,0
468,136,136,228.7864403114187,210.8422013280978,0
469,140,122,228.44918032786885,211.8318973705678,0
470,135,119,230.24637410519765,210.79511616038343,0
471,140,125,229.9424,209.90178286443847,0
472,138,124,228.1528167367929,209.11228070175437,0
473,137,117,227.8889512758126,210.57995441044415,0
474,136,135,229.19700435729848,210.78468296409474,0
475,135,130,229.3208547008547,211.73823851203502,0
476,135,128,227.8517361111111,212.60579872105296,0
477,133,114,229.52644769819284,215.91727200299934,0
478,140,124,227.57010368663595,215.93585088944204,0
479,139,128,227.2009892086331,215.86332412454266,0
480,138,129,229.2141332434558,215.9227329099177,0
481,139,132,228.17260736865055,214.62867359624727,0
482,141,128,228.08095079787233,216.83347675883314,0
483,142,129,227.28371001201003,216.3203516957656,0
484,144,125,227.36111111111111,216.3832989010183,0
485,132,113,227.05229283990346,216.8812528723442,0
486,137,112,228.65054744525548,216.23485535029627,0
487,136,110,227.54244652406416,216.2454671922096,0
488,134,116,228.12577200205868,217.1590435852539,0
489,137,121,228.244254086988,215.35445585116636,0
490,135,125,230.17718518518518,215.24354628422424,0
491,133,129,228.8780089759282,214.00366624525915,0
492,137,128,225.65944343065692,214.0840212850607,0
493,135,132,226.93894500561169,213.17448221464556,0
494,136,138,226.7818094629156,212.93989262371616,0
495,135,139,229.41417532640554,213.68692309703738,0
496,136,135,228.36367102396514,212.26392583120204,0
497,134,131,228.79936196878205,213.13606433777332,0
498,137,128,229.11097171532847,212.95263921684375,0
499,134,122,227.8178982138488,213.3816358395388,0
500,136,128,229.91526884191177,214.28627264757452,0
501,138,123,230.44202898550725,212.92523197715917,0
502,134,115,229.8695652173913,213.2681475466883,0
503,140,119,231.25084033613444,213.15456942208536,0
504,140,117,229.38235653235654,213.33515969225851,0
505,136,122,231.08962150433945,211.82080204960326,0
506,131,120,231.79160305343513,213.64761671735002,0
507,135,122,229.79186399514268,212.3314065954311,0
508,137,111,230.7538633524035,213.34068693390728,0
509,139,112,229.76066289825283,213.12451274447028,0
510,142,118,230.91555263786105,213.31564162538984,0
511,140,123,229.41138211382113,214.22519462137296,0
512,143,124,231.0936724565757,214.21097263266094,0
513,147,120,229.76944444444445,215.05950800915332,0
514,141,114,231.6134129650367,214.917418529491,0
515,151,125,227.046940397351,217.34848414503924,0
516,155,134,227.9215214251324,217.1396851796852,0
517,148,140,227.6070945945946,216.5886689757546,0
518,150,132,228.79368686868688,217.03039757737045,0
519,142,118,230.34495106230605,218.60308723983044,0
520,147,139,229.6300102774923,217.4651126982435,0
521,149,136,228.83838333991315,216.98590441621295,0
522,148,134,226.9350544574425,215.46874242203793,0
523,144,128,229.31602647569446,215.94352916058784,0
524,147,132,230.19733044733044,216.30611539927577,0
525,145,131,228.5963674651224,216.07127755964964,0
526,154,144,229.96460137085137,218.31403202719628,0
527,152,142,230.12379540400298,217.75056651559584,0
528,149,137,228.90290501151227,218.40454673489506,0
529,148,137,229.14406194515684,218.69976345357776,0
530,152,141,229.75270623366927,216.56321575536703,0
531,150,139,230.2084412470024,218.12476590636254,0
532,151,142,230.61234959425425,216.177251851044,0
533,153,142,229.8512381478413,215.8895351637765,0
534,151,142,229.12107079563472,216.3241841470656,0
535,152,142,228.7070051890289,216.44672788926835,0
536,152,140,228.98867481203007,216.660751214351,0
537,152,142,230.78771312083023,216.82933465547683,0
538,153,140,230.5012138188609,216.73961188861637,0
539,153,139,230.65768561621292,217.70800269321407,0
540,153,138,230.55157715260017,216.54307332706813,0
541,153,143,229.51378033730975,217.39244582043344,0
542,156,151,229.72431652232976,217.11210223318784,0
543,156,149,230.16249354672175,217.43140060240964,0
544,150,136,229.75544117647058,217.85188914461065,0
545,151,139,229.40278240983372,216.6813805522209,0
546,150,138,230.2094685990338,216.50662639685896,0
547,152,138,228.52803203661327,216.7563505402161,0
548,142,139,230.7367007802209,216.87391058290888,0
549,142,142,229.92352707796073,217.5521704754132,0
550,141,142,231.20122864848668,217.59925620151571,0
551,141,142,231.1792028768355,217.3228622183598,0
552,142,142,230.89471335052568,217.23806366047745,0
553,143,141,229.43480632842335,216.5757495256167,0
554,143,140,231.5044955044955,216.54016223354085,0
555,144,138,231.4404690016103,216.85423850752935,0
556,147,143,228.84063555492128,216.6771299882666,0
557,147,143,228.9698396841254,216.43274750507817,0
558,147,145,229.51053248885762,215.18901216756254,0
559,148,148,230.35116873630386,215.51364281108962,0
560,147,147,230.5867925401453,215.49397169994185,0
561,147,146,231.23916689963656,214.985228761528,0
562,149,149,229.91180577451468,214.94540676298482,0
563,147,142,230.82504551116222,216.9749249268274,0
564,148,141,230.7326049453709,215.65652828295498,0
565,147,141,230.33743426448595,215.3491505193387,0
566,145,138,230.22923538230884,217.06669181915362,0
567,145,143,231.1599228357849,216.30264045301266,0
568,145,146,231.9379782711384,217.19845834952713,0
569,146,142,231.0499710592321,216.5854321549588,0
570,145,143,231.12881601157463,215.68609133664003,0
571,143,137,232.6673982951355,217.69430231120998,0
572,141,133,231.9952540926785,216.8397212968725,0
573,141,134,231.9722663279348,217.21248062866835,0
574,141,134,230.63480469990472,216.81625605544778,0
575,140,134,229.50127931769723,217.07717905738514,0
576,139,135,228.15555555555557,218.66950310559005,0
577,139,135,229.58507860378364,217.49806211180123,0
578,141,135,229.8059889676911,218.7192965134218,0
579,139,139,228.91480772216758,217.9816713500924,0
580,137,138,228.11832222574844,218.05515058265652,0
581,138,135,227.8462157809984,219.11934325678808,0
582,137,136,229.42486045513095,218.37303961901912,0
583,137,133,229.32747928214698,219.21113108149984,0
584,137,134,228.39061989323454,218.36744209240283,0
585,137,132,228.43043574430436,219.0771420824295,0
586,136,133,229.40126050420167,219.17659627329192,0
587,135,133,228.5639097744361,217.39229813664596,0
588,135,133,229.43191311612364,218.78191304347826,0
589,135,130,229.15304843304844,219.31561041513143,0
590,137,127,229.48502787516523,219.20709475709475,0
591,136,125,228.87788235294119,218.66059483994266,0
592,136,129,228.35299817601458,218.52011294896604,0
593,138,126,230.89774557165862,218.44466188561267,0
594,138,127,229.45789113317358,218.0488146551724,0
595,133,118,229.11743341404357,219.23851624281733,0
596,133,119,230.2158337019018,218.08335345868554,0
597,134,123,229.09046232253368,217.51187496327634,0
598,134,120,231.46225124378108,218.4272107594501,0
599,138,125,230.69078260869566,218.46874551971325,0
600,139,130,231.70619811842835,218.0462470737417,0
601,140,126,230.92772108843536,218.21367226119997,0
602,137,127,229.53727225702627,217.2920964704453,0
603,136,128,228.22926240808823,217.1790572488543,0
604,141,119,229.74867393766016,216.9902358787709,0
605,134,104,229.79735935706086,215.85515527399008,0
606,133,99,230.53687248424092,216.02375568118833,0
607,133,114,227.48931539374752,212.90624553890078,0
608,134,118,230.8134960789274,212.82694722101502,0
609,138,117,227.57568438003221,213.42759947109028,0
610,136,111,227.66209591944886,215.80377228292122,0
611,135,110,227.85265993265995,214.85077198786877,0
612,133,106,229.53347992623068,215.08695359709407,0
613,134,104,231.11301664753157,214.96400676116087,0
614,131,98,231.94679856675495,215.56522353503843,0
615,133,106,230.6902397503192,215.52578645903253,0
616,133,103,230.82356376377837,215.4436694566228,0
617,131,105,230.22333696837515,215.77330020329794,0
618,138,107,229.1345658946228,217.34779993316252,0
619,143,110,227.83172282263192,216.81923698134224,0
620,141,118,228.94139920663542,217.40660694546796,0
621,141,123,229.57890791673873,217.01754611855043,0
622,142,127,231.314849728291,215.4850058479532,0
623,148,130,231.36200623700623,215.26601123595506,0
624,147,132,229.26999587713874,216.00364074743823,0
625,148,136,228.2964527027027,216.20098003629764,0
626,151,135,227.60549423595782,215.5883922534531,0
627,152,137,228.38042643104112,216.13814538540296,0
628,153,133,227.6749717430832,218.38753531073445,0
629,154,137,226.46852782254243,218.16139946728097,0
630,153,139,225.8378238585602,218.35992937818946,0
631,154,141,226.89255779681312,216.63896321883817,0
632,152,144,227.58945540935673,216.33573806881242,0
633,149,140,229.38581016299136,215.93420139945238,0
634,148,137,228.78679226671926,216.1912115732369,0
635,147,139,227.34018499486126,215.5391887920055,0
636,147,136,228.155962384954,216.8460400601387,0
637,145,134,228.39613998970663,216.50334153638295,0
638,144,135,227.802829218107,215.66824406945463,0
639,144,133,230.79610484544696,214.9287230815893,0
640,144,134,230.12194237147597,216.64859555360323,0
641,151,140,229.0496688741722,215.3736087262665,0
642,145,128,229.91977370689656,216.86512370311252,0
643,146,130,230.76938883034774,216.9727009447847,0
644,145,131,230.7423532508555,216.9740279863644,0
645,144,129,231.36062661498707,216.4183345078694,0
646,143,127,230.01530752711855,217.3297157622739,0
647,142,128,230.17847711267606,216.02073667266356,0
648,142,125,229.5069295774648,216.96745527306967,0
649,142,126,229.33232729711602,217.0828154425612,0
650,143,126,229.73709623709624,217.19632373828236,0
651,142,125,230.28281690140844,216.5558145009416,0
652,141,126,229.60728357536868,216.82080679405522,0
653,141,124,230.12336993822925,217.5336007788765,0
654,139,131,230.99176231533858,215.18790273556232,0
655,142,131,229.35791850338674,216.49325665859564,0
656,143,131,231.64047402978701,216.32720024161884,0
657,142,132,231.026034997866,215.5264406779661,0
658,142,129,230.79981439021728,215.84071866321938,0
659,143,130,230.2066164604626,215.97556168703193,0
660,141,130,228.9073649754501,216.17900746911806,0
661,143,132,228.7637741046832,215.10308376467157,0
662,140,128,227.97293526785714,216.62522340974246,0
663,140,127,228.77806524184476,215.76664519668884,0
664,140,128,227.95111607142857,216.48574709864604,0
665,141,130,229.77037643207856,216.03759781619655,0
666,142,130,227.87811484290359,216.0077239709443,0
667,142,122,230.5039829138767,216.87141460234682,0
668,146,123,229.92649515536252,216.26395604395606,0
669,146,126,228.52364644487932,216.26460084033613,0
670,147,128,229.97066326530611,215.79372943091715,0
671,149,129,228.66442953020135,216.0814134642621,0
672,146,130,229.081822971549,215.84262506262075,0
673,152,134,229.28706794972507,216.8331187969925,0
674,153,133,228.3080741068357,216.56998749579185,0
675,150,139,229.36091127098322,216.09926741727716,0
676,163,200,229.45141104294478,217.60688743781094,0
677,153,150,231.24178649237473,219.27177709296353,0
678,164,200,227.44615853658536,218.6687675070028,0
679,162,201,229.10936060438547,218.14542234542233,0
680,164,201,227.06761922096834,218.22577944221166,0
681,155,149,228.49664429530202,219.53159922193828,0
682,166,202,226.95848741500657,218.30150887759584,0
683,166,201,228.906431696937,217.4987765857331,0
684,151,145,227.55898606987896,219.86916184384202,0
685,150,137,229.97080291970804,217.66079673838294,0
686,151,138,229.29700547077454,218.53471289300813,0
687,150,136,230.45823529411766,217.00831501831502,0
688,149,138,229.51108841552377,217.87751110891065,0
689,145,136,231.11916835699796,217.80435668003702,0
690,147,144,229.3989984882842,216.9006488861639,0
691,147,141,230.57509528634148,217.29371457362387,0
692,146,139,230.43352715088204,217.0969033835712,0
693,146,143,231.14330874604846,216.26591741317486,0
694,140,129,231.31461794019933,219.21223379393822,0
695,139,132,231.0584804883366,219.44734029633227,0
696,141,136,230.56117021276594,218.66931194075903,0
697,143,132,230.47271667726213,217.96093712646427,0
698,143,133,231.63357694936641,218.92925234755734,0
699,140,140,231.7054081632653,218.0581807081807,0
700,143,143,231.93593818768645,217.37912808923235,0
701,143,144,230.31162587412587,217.50095874920103,0
702,143,152,230.0052907618697,215.9843233082707,0
703,142,147,229.64362364664174,215.14673826424902,0
704,145,147,229.099366643209,214.15607020258184,0
705,147,147,228.55898005460688,213.90648068258076,0
706,147,118,228.73100426611322,214.86757575444292,0
707,146,125,229.93353424657533,216.0109302252257,0
708,149,213,223.20736049406057,215.18435613682092,0
709,150,205,225.90426016260162,214.270328125,0
710,151,204,226.89640955720037,214.33072335219452,0
711,152,205,227.32368421052632,214.75054525627044,0
712,144,144,230.34789737654322,215.98196314670446,0
713,152,209,226.5211533618736,215.35851715090857,0
714,152,213,225.76312700766,215.4430756302521,0
715,151,216,224.54378219278883,215.1346582912848,0
716,151,216,225.17417831739024,215.80970033982084,0
717,151,214,225.9220152255988,216.84198460508702,0
718,152,215,224.93769889840883,216.1923193277311,0
719,153,215,225.56634746922023,215.64269765553638,0
720,154,213,225.67669654289372,215.24673333333334,0
721,155,218,225.9286475288547,214.46153448275862,0
722,156,212,224.3066037735849,215.14340284947346,0
723,141,116,230.20335045243337,217.08717769173737,0
724,142,115,230.63582363747705,216.62337248615265,0
725,145,115,231.8584707646177,217.06763265306122,0
726,148,125,230.91562162162163,217.4930088747718,0
727,153,131,229.82462705183855,215.63625860819138,0
728,151,130,231.39928680590933,216.08213291161,0
729,150,127,230.96866141732283,216.30726842461124,0
730,149,128,232.29441065436242,215.95909978652858,0
731,149,126,231.72728241184618,215.51730154114568,0
732,152,127,230.74222958972234,216.15982302867383,0
733,154,140,229.15867346938776,214.355260204383,0
734,154,148,229.4882414882415,213.60128935677034,0
735,150,145,231.8639540229885,214.18385203499886,0
736,149,132,231.80999593247915,215.35628002586844,0
737,153,148,230.90849673202615,215.4670417230056,0
738,153,146,230.3211120064464,214.20458276994398,0
739,150,129,232.22175710594314,215.37754751938516,0
740,149,132,232.72681513117755,215.22319829130495,0
741,153,136,227.6227412533641,214.91058709958443,0
742,147,135,231.98800705467372,215.80542718331557,0
743,147,127,231.50516899673255,216.23190806266805,0
744,149,133,228.42609880405712,215.17234567901235,0
745,148,129,231.51880368740834,214.7398339959545,0
746,151,140,230.6988647114475,214.678073089701,0
747,149,132,231.1412446613789,215.34717571657058,0
748,153,139,229.14388489208633,215.59701475173344,0
749,152,138,229.93139778794813,215.06696543493015,0
750,151,140,230.4988174077578,215.16429145396106,0
751,150,142,229.79370892018778,215.66791771923494,0
752,151,134,231.36404072353466,215.89238798967864,0
753,148,136,228.61153616852147,216.59537572254337,0
754,149,136,231.2774378207659,216.0783795218955,0
755,149,136,230.3982431898934,215.89921263588573,0
756,149,138,229.7657329053594,215.18059132829285,0
757,147,140,229.3946550048591,215.6161003621807,0
758,148,124,232.23621403661727,216.51995093119214,0
759,149,128,230.73636744966444,216.04918533604888,0
760,148,139,231.201098580595,213.9397841683246,0
761,144,127,232.92011154855643,215.06692787462018,0
762,140,124,233.11175115207374,215.44346932321315,0
763,143,130,232.4719741796665,215.07070878623188,0
764,141,131,232.23842780574955,217.39565217391305,0
765,146,137,232.74162583741625,216.03236050905213,0
766,146,134,230.93845839296668,215.69980055477865,0
767,147,130,231.63819989534275,216.27963196824825,0
768,147,132,230.90795712224283,215.69663049166155,0
769,142,137,230.62491004420684,214.39490186022658,0
770,144,132,230.39888468013467,215.06682958286666,0
771,140,130,230.05692307692308,215.4013456971616,0
772,143,129,230.9859055673009,215.33379231863444,0
773,132,126,229.81042568542568,216.39794097460535,0
774,140,132,230.42813852813853,216.587063395449,0
775,136,134,229.84449078138718,215.17428774928774,0
776,141,146,229.4529777518702,214.4094985993678,0
777,138,143,231.045910611128,214.20426448028257,0
778,138,152,231.2438501144165,213.55887210309726,0
779,136,151,232.72677249707831,214.9594696502269,0
780,138,142,230.5929271279853,214.77212570193245,0
781,129,132,228.92712003758515,214.29863799283154,0
782,128,123,230.8398119918699,214.1901636687733,0
783,146,140,228.2562133072407,214.79039052433345,0
784,143,141,230.50339731190795,214.06328973892522,0
785,141,138,230.41062801932367,214.29085828635576,0
786,143,137,228.66898065438212,213.9846062832,0
787,139,138,229.89203419872797,212.98458836820905,0
788,145,140,228.81714285714287,214.939887359199,0
789,142,138,231.0638905899163,214.830696676315,0
790,143,141,230.42885483311017,214.95247512281145,0
791,143,141,230.25045876109706,214.1901750850233,0
792,139,134,231.46096853860195,216.3903663003663,0
793,138,132,232.22052042160738,215.65522236708676,0
794,135,123,229.2720867208672,217.25238562688338,0
795,138,131,231.59243279123797,215.27685185185186,0
796,141,130,230.77665030005454,216.35562708631377,0
797,140,134,229.89696162046909,216.90470424628958,0
798,134,126,230.1005685856432,216.5329706580242,0
799,135,131,228.62397512015832,214.97480615559718,0
800,140,138,228.56744306418219,215.8423966055404,0
801,136,126,230.9011437908497,215.7890505890506,0
802,140,130,229.8567032967033,215.84430107526882,0
803,140,135,230.46301587301588,215.8975412817342,0
804,139,131,230.48552913394477,215.6062126642772,0
805,140,128,230.39352678571427,215.7929930284769,0
806,139,131,230.0049975286946,215.67183276265993,0
807,139,129,229.90335173721488,215.2739162082503,0
808,141,135,230.00567375886524,215.68408338442674,0
809,140,134,229.4412579957356,215.81191348973607,0
810,145,139,229.89263210121558,215.85994557149925,0
811,145,140,230.261921182266,216.7294105911545,0
812,145,141,230.51954022988505,215.85074908724664,0
813,145,136,231.6757606490872,216.41911204033943,0
814,145,137,230.91346589478982,217.17111798562925,0
815,141,132,231.1386202450032,216.56914235833273,0
816,145,140,229.66694581280788,216.1544148869739,0
817,144,136,230.66528799019608,216.32600377658517,0
818,143,137,230.89791230667143,215.9991409790349,0
819,145,136,231.4930527383367,216.52139634055635,0
820,144,136,229.5935968137255,216.0283335803567,0
821,145,133,229.7854290899663,216.05195136778116,0
822,147,135,231.08470647518266,216.75598853727834,0
823,147,135,230.82640463592844,216.0814147153914,0
824,147,137,231.01375440687224,215.20665402049664,0
825,146,137,230.06534346565343,215.8591936996988,0
826,145,136,230.78539553752535,216.04759562169474,0
827,146,137,229.5856914308569,216.26396100715195,0
828,147,138,229.93912057576654,216.3526064249113,0
829,146,136,228.66408138597905,217.58363133143922,0
830,142,138,230.0175546029802,215.27393644154253,0
831,143,137,230.87667806645908,216.34947501581277,0
832,143,143,230.2879847425302,215.2418699186992,0
833,143,141,229.50652184694738,216.98007114665558,0
834,143,132,227.20364484000848,217.44403983353152,0
835,142,114,229.19891277489498,217.67234506095582,0
836,144,146,228.7420091324201,217.48836496836498,0
837,142,134,229.30533949968466,219.0299968671679,0
838,139,133,229.95715908476225,217.5572414323825,0
839,139,129,229.32134292565948,214.56401684483316,0
840,149,121,226.21404404015752,217.93456315271916,0
841,142,118,228.03515158749104,218.06559227440897,0
842,143,129,226.31322166205888,218.47264211198637,0
843,138,135,223.86360708534622,219.33048558594416,0
844,136,126,225.38655462184875,219.33654734809298,0
845,141,128,226.19647606382978,219.8769169679045,0
846,137,129,227.62751089232162,219.82447653832213,0
847,146,126,231.30435964340074,219.27240829346093,0
848,147,129,230.48826662447925,219.11969375988843,0
849,153,111,228.6737325560855,219.78622139130223,0
850,154,110,227.29586776859503,219.13803330497143,0
851,156,110,228.35903263403264,219.09080869860685,0
852,157,110,228.08697162709902,219.78323828895913,0
853,156,110,228.22331002331003,219.48453958545701,0
854,157,110,226.7741169658367,220.27497487680554,0
855,158,110,226.39735327963177,219.21851851851852,0
856,153,106,228.18436305339745,219.84302573901314,0
857,155,200,229.9771935483871,215.42027826086957,0
858,155,196,230.1133969716919,215.90337975543477,0
859,149,113,226.86779117419968,219.80932741486376,0
860,148,105,226.3990990990991,220.63102938354385,0
861,150,111,226.8409009009009,219.23109128345916,0
862,147,132,231.37631416202845,215.26582751744766,0
863,153,134,229.047751438884,213.29532275384798,0
864,157,198,227.1157755902979,214.41779013419483,0
865,159,203,227.09827431297828,214.45343366336633,0
866,157,201,226.3775390563108,214.9506172839506,0
867,156,206,227.2036656708987,215.49684193121692,0
868,160,207,226.62753623188405,216.0966717479675,0
869,161,205,225.84117557945765,213.92045672003573,0
870,159,206,226.58252427184465,216.24216138787204,0
871,162,195,226.02342513453624,218.11585820895522,0
872,162,197,226.30861064109794,217.62931134764148,0
873,163,192,228.60643532719837,219.0416493474104,0
874,163,189,227.06677053916317,219.36478835978835,0
875,167,192,225.74525948103792,219.63681299446895,0
876,166,184,226.16317443687794,219.05926277112718,0
877,165,182,226.42297702297702,219.7364708949873,0
878,167,184,226.50484899765686,218.74546519193234,0
879,167,184,227.97028768549856,220.00065267335003,0
880,168,185,227.54449806949808,219.9355249613999,0
881,168,184,227.3006599378882,220.15276931668188,0
882,164,185,227.95853658536586,219.77881457051308,0
883,163,181,226.85876012608887,218.35373263888889,0
884,151,144,229.28352649006624,220.306072574387,0
885,165,180,227.16986531986532,219.5961096922323,0
886,153,144,228.2425108932462,220.38256819693945,0
887,151,142,229.8531853371887,219.18410350781534,0
888,166,182,227.74506818482723,218.6781867887342,0
889,168,185,227.1005148005148,218.402746903779,0
890,168,187,227.07983193277312,218.0466684434968,0
891,167,186,227.69744382203336,219.10377145887188,0
892,167,186,226.53129225420128,218.6873069530059,0
893,169,187,227.79100085434928,218.9824018206838,0
894,168,186,226.57802099334359,219.86679365410708,0
895,153,147,230.1828731492597,219.66506024096387,0
896,155,145,229.82318131256952,220.34993511076706,0
897,154,149,230.14935064935065,220.12418481391865,0
898,151,152,232.14826594632277,219.13178673664123,0
899,163,186,229.69635200211096,218.64803211794128,0
900,163,189,230.1836595578927,218.51179802426716,0
901,159,194,228.53050638656552,218.16650082918738,0
902,160,199,229.96730527638192,217.7191307790437,0
903,160,192,229.84091796875,218.59147360213856,0
904,162,189,230.07071003984584,218.44255406235078,0
905,163,189,230.7254520076606,218.54178834090416,0
906,162,191,230.69930838342705,218.87276076130703,0
907,161,194,228.62236665172568,218.65771637122003,0
908,162,191,228.1352207355698,218.9298066595059,0
909,164,182,226.66567274189225,219.76494237469848,0
910,165,189,227.1370530703864,219.95622033807925,0
911,166,190,226.66005072923272,219.07326799140708,0
912,166,193,228.56295648916912,219.29364594894562,0
913,164,191,226.90291789043545,218.6313630913451,0
914,165,191,227.38718070759955,220.18557601736447,0
915,165,193,228.0743601821322,219.37693939055697,0
916,165,198,227.25365779002144,217.19252980359644,0
917,163,193,227.48895387647414,219.02714285714285,0
918,162,202,226.18738540520718,217.85061892130858,0
919,164,200,226.19615853658536,218.11715524666607,0
920,163,203,226.23506301187706,215.41015799614644,0
921,163,206,225.46429209601524,217.29347669100537,0
922,164,210,225.7983449477352,217.47144702842377,0
923,160,212,226.80654481132075,216.5949633450991,0
924,158,201,227.2714906480257,217.44781431090954,0
925,159,194,226.45380276210855,216.8199897007149,0
926,154,140,227.88483302411873,216.57881396461025,0
927,159,139,228.16953983982626,217.05874534821902,0
928,160,140,230.30142857142857,218.1664596570009,0
929,155,137,230.64633859194726,218.05735759021772,0
930,159,205,227.79622641509434,215.86520752702523,0
931,160,211,228.83892180094787,216.29579548223174,0
932,159,202,228.28884114826576,216.58234073875803,0
933,158,204,228.78412757508067,216.94845483024298,0
934,158,204,227.79151154132538,217.06997575431035,0
935,160,211,227.79514218009479,217.7261409331156,0
936,157,203,229.0374635248345,217.72218480603448,0
937,157,204,229.3767328587486,216.49993265086206,0
938,160,203,229.49947660098522,218.20665481330963,0
939,159,201,229.81072624299884,217.3562724014337,0
940,161,201,228.9782454188684,216.74105235042734,0
941,159,200,228.49166666666667,217.67810819892472,0
942,159,200,227.32179245283018,217.86300521948607,0
943,159,202,228.91132698175477,217.25403437473543,0
944,159,204,228.74075101738808,217.49896359743042,0
945,159,205,228.24098788157693,217.69705982905984,0
946,160,209,228.00774521531102,216.66630624346007,0
947,158,212,228.54505015524242,217.7426051609625,0
948,158,207,228.97978964104445,217.3579510282688,0
949,145,126,228.64154351395732,219.15909444997064,0
950,144,134,230.41884328358208,217.99044633527393,0
951,152,136,229.79571400928793,216.05237602677212,0
952,154,143,230.59299791117974,215.88978204507958,0
953,155,144,227.02992831541218,215.48605336105337,0
954,148,136,229.44212042925278,216.27615454822026,0
955,150,144,228.47773148148147,216.00420168067228,0
956,148,125,231.81124324324324,215.03165858165858,0
957,147,135,231.40670194003528,214.9144849105358,0
958,151,133,230.67335557436638,216.26679892937642,0
959,149,134,231.4818190924572,214.92513577331758,0
960,148,133,230.54414753098965,215.08360895860895,0
961,151,125,230.59486092715233,216.2281674271872,0
962,148,129,230.55766813324954,215.67305330385653,0
963,147,128,231.49123086734693,214.79233380149813,0
964,147,128,229.3967368197279,214.88753795869167,0
965,146,125,230.73227397260274,216.10663441920175,0
966,146,127,230.84850609427247,215.70511665511665,0
967,147,125,230.71662585034014,215.2180715710323,0
968,148,124,231.42197035745423,215.83043278084713,0
969,150,131,230.40921119592875,215.11050385299347,0
970,145,130,231.03246684350134,214.9644766997708,0
971,147,132,229.57209853638426,215.39073974243786,0
972,149,129,229.51063940481765,215.48586709202223,0
973,144,127,231.21319991251093,215.39053213143356,0
974,147,137,228.1647549530761,215.90570223025918,0
975,147,136,227.77205882352942,216.34718757642455,0
976,148,140,225.8569498069498,215.282630334702,0
977,152,138,229.2432780320366,217.12577723378212,0
978,151,139,228.29877554909714,216.2720537729369,0
979,147,142,229.7538085656798,216.46575776389645,0
980,147,140,230.30218658892127,217.18324004157432,0
981,144,137,230.87388483373886,217.2809198724337,0
982,148,140,228.99198841698842,216.2654742410883,0
983,149,136,230.54258784050532,217.89616417670285,0
984,141,130,230.99399890889254,217.86629213483147,0
985,149,134,230.68115796854653,218.80271464646464,0
986,145,132,230.19728317659352,217.35296442687746,0
987,147,135,230.28556311413453,218.7029810969941,0
988,146,134,230.31353506440402,218.47735862949145,0
989,145,128,229.6920797413793,218.26276288958337,0
990,146,138,230.68468334325988,216.18274226338377,0
991,148,144,229.90038475975976,215.72396233174678,0
992,149,136,227.40436241610738,216.60250605326877,0
993,151,138,225.11359055571552,215.72888293248334,0
994,153,134,227.21451565700906,214.0778669916601,0
995,154,133,227.22488038277513,215.2463768115942,0
996,148,131,227.24752424179906,216.34998191681737,0
997,149,131,227.00911931963728,215.66027202838558,0
998,149,135,230.05642555306986,216.11383928571428,0
999,150,143,228.34568764568763,216.01607879347492,0
1000,152,139,228.69022150700494,216.2444197804908,0
